<?xml version="1.0" encoding="utf-8"?>
<!DOCTYPE nta PUBLIC '-//Uppaal Team//DTD Flat System 1.1//EN' 'http://www.it.uu.se/research/group/darts/uppaal/flat-1_2.dtd'>
<nta>
	<declaration>// Created by Madhur Behl
// madhur.behl@virginia.edu
//Last Edited: Nov 2019. 


/////////////////////////////////
// Pacemaker Parameters
////////////////////////////////

// No real need to change these unless you want to change a specific pacemaker behavior.

// A-V interval
int TAVI=150;     
// Lowest Rate Interval 
int TLRI=1000;       
// Post-Ventricular Atrial Refractory Period
int TPVARP=100;
// Post-Ventricular Atrial Blocking
int TPVAB=50; 
// Ventricular Refractory Period      
int TVRP=150;      
// Upper Rate Interval
int TURI=400;     
// Mode-switch atrial threshold
int thresh=400;
// Global clock for upper rate interval
clock clk;

</declaration>
	<template>
		<name x="5" y="5">AVI</name>
		<parameter>broadcast chan &amp;AS, broadcast chan &amp;AP,broadcast chan &amp;VS,broadcast chan &amp;VP</parameter>
		<declaration>clock t;</declaration>
		<location id="id0" x="-8" y="-255">
			<name x="8" y="-279">WaitURI</name>
			<label kind="invariant" x="8" y="-263">clk&lt;=TURI</label>
		</location>
		<location id="id1" x="-8" y="-191">
			<name x="8" y="-215">AVI</name>
			<label kind="invariant" x="8" y="-199">t&lt;=TAVI</label>
		</location>
		<location id="id2" x="-128" y="-191">
			<name x="-160" y="-215">Idle</name>
		</location>
		<init ref="id2"/>
		<transition>
			<source ref="id0"/>
			<target ref="id2"/>
			<label kind="synchronisation" x="-152" y="-287">VS?</label>
			<nail x="-8" y="-287"/>
			<nail x="-160" y="-287"/>
			<nail x="-160" y="-191"/>
		</transition>
		<transition>
			<source ref="id0"/>
			<target ref="id2"/>
			<label kind="guard" x="-104" y="-279">clk&gt;=TURI</label>
			<label kind="synchronisation" x="-80" y="-255">VP!</label>
			<nail x="-128" y="-255"/>
		</transition>
		<transition>
			<source ref="id1"/>
			<target ref="id0"/>
			<label kind="guard" x="0" y="-239">t&gt;=TAVI &amp;&amp; clk&lt;TURI</label>
		</transition>
		<transition>
			<source ref="id1"/>
			<target ref="id2"/>
			<label kind="guard" x="-144" y="-111">t&gt;=TAVI &amp;&amp; clk&gt;=TURI</label>
			<label kind="synchronisation" x="-80" y="-127">VP!</label>
			<nail x="-8" y="-111"/>
			<nail x="-128" y="-111"/>
		</transition>
		<transition>
			<source ref="id1"/>
			<target ref="id2"/>
			<label kind="synchronisation" x="-80" y="-151">VS?</label>
			<nail x="-32" y="-135"/>
			<nail x="-104" y="-135"/>
		</transition>
		<transition>
			<source ref="id2"/>
			<target ref="id1"/>
			<label kind="synchronisation" x="-80" y="-191">AP?</label>
			<label kind="assignment" x="-80" y="-175">t=0</label>
			<nail x="-72" y="-167"/>
		</transition>
		<transition>
			<source ref="id2"/>
			<target ref="id1"/>
			<label kind="synchronisation" x="-80" y="-231">AS?</label>
			<label kind="assignment" x="-80" y="-215">t=0</label>
			<nail x="-112" y="-199"/>
			<nail x="-72" y="-215"/>
		</transition>
	</template>
	<template>
		<name>LRI</name>
		<parameter>broadcast chan &amp;AS,broadcast chan &amp;AP,broadcast chan &amp;VS, broadcast chan &amp;VP</parameter>
		<declaration>clock t;</declaration>
		<location id="id3" x="-544" y="-51">
			<name x="-620" y="-51">Asensed</name>
		</location>
		<location id="id4" x="-224" y="-56">
			<name x="-208" y="-56">LRI</name>
			<label kind="invariant" x="-208" y="-40">t&lt;=TLRI-TAVI</label>
		</location>
		<init ref="id4"/>
		<transition>
			<source ref="id3"/>
			<target ref="id4"/>
			<label kind="synchronisation" x="-501" y="34">VS?</label>
			<label kind="assignment" x="-467" y="34">t=0</label>
			<nail x="-493" y="34"/>
		</transition>
		<transition>
			<source ref="id3"/>
			<target ref="id4"/>
			<label kind="synchronisation" x="-504" y="-67">VP?</label>
			<label kind="assignment" x="-504" y="-51">t=0</label>
			<nail x="-520" y="-51"/>
		</transition>
		<transition>
			<source ref="id4"/>
			<target ref="id3"/>
			<label kind="synchronisation" x="-501" y="-143">AS?</label>
			<nail x="-493" y="-119"/>
		</transition>
		<transition>
			<source ref="id4"/>
			<target ref="id4"/>
			<label kind="guard" x="-268" y="110">t&gt;=TLRI-TAVI</label>
			<label kind="synchronisation" x="-252" y="126">AP!</label>
			<label kind="assignment" x="-220" y="126">t=0</label>
			<nail x="-212" y="110"/>
			<nail x="-323" y="110"/>
		</transition>
		<transition>
			<source ref="id4"/>
			<target ref="id4"/>
			<label kind="synchronisation" x="-94" y="-108">VS?</label>
			<label kind="assignment" x="-94" y="-92">t=0</label>
			<nail x="-102" y="-108"/>
			<nail x="-102" y="-76"/>
		</transition>
		<transition>
			<source ref="id4"/>
			<target ref="id4"/>
			<label kind="synchronisation" x="-221" y="-242">VP?</label>
			<label kind="assignment" x="-221" y="-226">t=0</label>
			<nail x="-323" y="-127"/>
			<nail x="-437" y="-197"/>
			<nail x="-197" y="-202"/>
		</transition>
	</template>
	<template>
		<name>AtrialNode</name>
		<parameter>broadcast chan &amp;Aget,broadcast chan &amp;AP, broadcast chan &amp;A_act,int Aminwait, int Amaxwait</parameter>
		<declaration>clock x;</declaration>
		<location id="id5" x="0" y="0">
			<name x="16" y="-24">AReady</name>
			<label kind="invariant" x="16" y="-8">x&lt;Amaxwait</label>
		</location>
		<init ref="id5"/>
		<transition>
			<source ref="id5"/>
			<target ref="id5"/>
			<label kind="synchronisation" x="-16" y="-64">A_act?</label>
			<label kind="assignment" x="-8" y="-48">x=0</label>
			<nail x="-16" y="-32"/>
			<nail x="16" y="-32"/>
		</transition>
		<transition>
			<source ref="id5"/>
			<target ref="id5"/>
			<label kind="synchronisation" x="-24" y="32">AP?</label>
			<label kind="assignment" x="8" y="32">x=0</label>
			<nail x="-16" y="32"/>
			<nail x="16" y="32"/>
		</transition>
		<transition>
			<source ref="id5"/>
			<target ref="id5"/>
			<label kind="guard" x="-119" y="-25">x&gt;Aminwait</label>
			<label kind="synchronisation" x="-72" y="-8">Aget!</label>
			<label kind="assignment" x="-64" y="8">x=0</label>
			<nail x="-32" y="16"/>
			<nail x="-32" y="-16"/>
		</transition>
	</template>
	<template>
		<name>VentNode</name>
		<parameter>broadcast chan &amp;Vget,broadcast chan &amp;VP, broadcast chan &amp;V_act, int Vminwait, int Vmaxwait</parameter>
		<declaration>clock x;</declaration>
		<location id="id6" x="-224" y="-88">
			<name x="-208" y="-104">VReady</name>
			<label kind="invariant" x="-208" y="-88">x&lt;Vmaxwait</label>
		</location>
		<init ref="id6"/>
		<transition>
			<source ref="id6"/>
			<target ref="id6"/>
			<label kind="synchronisation" x="-240" y="-152">V_act?</label>
			<label kind="assignment" x="-232" y="-136">x=0</label>
			<nail x="-240" y="-120"/>
			<nail x="-208" y="-120"/>
		</transition>
		<transition>
			<source ref="id6"/>
			<target ref="id6"/>
			<label kind="synchronisation" x="-248" y="-48">VP?</label>
			<label kind="assignment" x="-216" y="-48">x=0</label>
			<nail x="-208" y="-48"/>
			<nail x="-240" y="-48"/>
		</transition>
		<transition>
			<source ref="id6"/>
			<target ref="id6"/>
			<label kind="guard" x="-336" y="-112">x&gt;Vminwait</label>
			<label kind="synchronisation" x="-304" y="-96">Vget!</label>
			<label kind="assignment" x="-296" y="-80">x=0</label>
			<nail x="-256" y="-72"/>
			<nail x="-256" y="-104"/>
		</transition>
	</template>
	<template>
		<name>AVNode</name>
		<parameter>broadcast chan &amp;Aget,broadcast chan &amp; AV,broadcast chan &amp;VA,broadcast chan &amp;A_act,broadcast chan &amp;AP, int AVERP_min,int AVERP_max</parameter>
		<declaration>clock t;</declaration>
		<location id="id7" x="-161" y="-93">
			<committed/>
		</location>
		<location id="id8" x="-289" y="-161">
			<committed/>
		</location>
		<location id="id9" x="-107" y="0">
			<committed/>
		</location>
		<location id="id10" x="-17" y="0">
			<name x="0" y="-17">ERP</name>
			<label kind="invariant" x="-1" y="8">t&lt;=AVERP_max</label>
		</location>
		<location id="id11" x="-288" y="0">
		</location>
		<init ref="id11"/>
		<transition>
			<source ref="id7"/>
			<target ref="id10"/>
			<label kind="synchronisation" x="-119" y="-119">AV!</label>
			<nail x="-18" y="-95"/>
		</transition>
		<transition>
			<source ref="id11"/>
			<target ref="id7"/>
			<label kind="synchronisation" x="-246" y="-119">AP?</label>
			<label kind="assignment" x="-246" y="-95">t=0</label>
			<nail x="-262" y="-95"/>
		</transition>
		<transition>
			<source ref="id8"/>
			<target ref="id10"/>
			<label kind="synchronisation" x="-170" y="-187">A_act!</label>
			<nail x="-18" y="-161"/>
		</transition>
		<transition>
			<source ref="id11"/>
			<target ref="id8"/>
			<label kind="synchronisation" x="-323" y="-76">VA?</label>
			<label kind="assignment" x="-323" y="-60">t=0</label>
		</transition>
		<transition>
			<source ref="id9"/>
			<target ref="id10"/>
			<label kind="synchronisation" x="-91" y="0">AV!</label>
		</transition>
		<transition>
			<source ref="id10"/>
			<target ref="id11"/>
			<label kind="guard" x="-229" y="68">t&gt;=AVERP_min</label>
			<nail x="-17" y="64"/>
			<nail x="-288" y="64"/>
		</transition>
		<transition>
			<source ref="id11"/>
			<target ref="id9"/>
			<label kind="synchronisation" x="-221" y="-25">Aget?</label>
			<label kind="assignment" x="-212" y="8">t=0</label>
		</transition>
	</template>
	<template>
		<name>AVNodeAdvanced</name>
		<parameter>broadcast chan &amp;Aget, broadcast chan &amp;Vget, broadcast chan &amp;A_act, broadcast chan &amp;V_act, broadcast chan &amp;AP, broadcast chan &amp;VP, int Tantemin, int Tantemax, int Tretromin, int Tretromax</parameter>
		<declaration>clock t;</declaration>
		<location id="id12" x="-32" y="-88">
			<name x="-42" y="-118">Retro</name>
			<label kind="invariant" x="-42" y="-73">t&lt;=Tretromax</label>
		</location>
		<location id="id13" x="-384" y="-88">
			<name x="-400" y="-120">Ante</name>
			<label kind="invariant" x="-448" y="-72">t&lt;=Tantemax</label>
		</location>
		<location id="id14" x="-208" y="-88">
			<name x="-192" y="-128">Idle</name>
		</location>
		<init ref="id14"/>
		<transition>
			<source ref="id14"/>
			<target ref="id14"/>
			<label kind="synchronisation" x="-216" y="0">VP?</label>
			<nail x="-216" y="-56"/>
			<nail x="-240" y="0"/>
			<nail x="-176" y="0"/>
		</transition>
		<transition>
			<source ref="id14"/>
			<target ref="id14"/>
			<label kind="synchronisation" x="-216" y="-208">AP?</label>
			<nail x="-232" y="-184"/>
			<nail x="-184" y="-184"/>
		</transition>
		<transition>
			<source ref="id14"/>
			<target ref="id12"/>
			<label kind="synchronisation" x="-152" y="-24">VP?</label>
			<label kind="assignment" x="-104" y="-16">t=0</label>
			<nail x="-120" y="-16"/>
		</transition>
		<transition>
			<source ref="id12"/>
			<target ref="id14"/>
			<label kind="synchronisation" x="-136" y="-136">AP?</label>
			<nail x="-128" y="-120"/>
		</transition>
		<transition>
			<source ref="id13"/>
			<target ref="id14"/>
			<label kind="synchronisation" x="-312" y="-136">VP?</label>
			<nail x="-304" y="-120"/>
		</transition>
		<transition>
			<source ref="id14"/>
			<target ref="id13"/>
			<label kind="synchronisation" x="-352" y="-32">AP?</label>
			<label kind="assignment" x="-296" y="-24">t=0</label>
			<nail x="-312" y="-16"/>
		</transition>
		<transition>
			<source ref="id14"/>
			<target ref="id14"/>
			<label kind="synchronisation" x="-224" y="-40">Vget?</label>
			<nail x="-224" y="-40"/>
			<nail x="-192" y="-40"/>
		</transition>
		<transition>
			<source ref="id14"/>
			<target ref="id14"/>
			<label kind="synchronisation" x="-224" y="-168">Aget?</label>
			<nail x="-224" y="-144"/>
			<nail x="-192" y="-144"/>
		</transition>
		<transition>
			<source ref="id12"/>
			<target ref="id14"/>
			<label kind="synchronisation" x="-136" y="-168">Aget?</label>
			<nail x="-120" y="-144"/>
		</transition>
		<transition>
			<source ref="id13"/>
			<target ref="id14"/>
			<label kind="synchronisation" x="-320" y="-168">Vget?</label>
			<nail x="-304" y="-144"/>
		</transition>
		<transition>
			<source ref="id12"/>
			<target ref="id14"/>
			<label kind="guard" x="-160" y="-112">t&gt;=Tretromin</label>
			<label kind="synchronisation" x="-144" y="-88">A_act!</label>
			<nail x="-96" y="-88"/>
		</transition>
		<transition>
			<source ref="id13"/>
			<target ref="id14"/>
			<label kind="guard" x="-336" y="-112">t&gt;=Tantemin</label>
			<label kind="synchronisation" x="-312" y="-88">V_act!</label>
			<nail x="-344" y="-88"/>
		</transition>
		<transition>
			<source ref="id14"/>
			<target ref="id12"/>
			<label kind="synchronisation" x="-160" y="-64">Vget?</label>
			<label kind="assignment" x="-112" y="-64">t=0</label>
			<nail x="-120" y="-56"/>
		</transition>
		<transition>
			<source ref="id14"/>
			<target ref="id13"/>
			<label kind="synchronisation" x="-344" y="-64">Aget?</label>
			<label kind="assignment" x="-296" y="-64">t=0</label>
			<nail x="-304" y="-56"/>
		</transition>
	</template>
	<template>
		<name>ConductionPath</name>
		<parameter>broadcast chan &amp;AV,broadcast chan &amp;V_act,broadcast chan &amp;Vget,broadcast chan &amp;VA,broadcast chan &amp;VP,int Tcond_min, int Tcond_max</parameter>
		<declaration>clock t;</declaration>
		<location id="id15" x="0" y="-164">
			<name x="0" y="-204">dwell</name>
			<label kind="invariant" x="-10" y="-149">t&lt;=2</label>
		</location>
		<location id="id16" x="144" y="-68">
			<name x="153" y="-93">retro</name>
			<label kind="invariant" x="153" y="-51">t&lt;=Tcond_max</label>
		</location>
		<location id="id17" x="-144" y="-68">
			<name x="-187" y="-93">ante</name>
			<label kind="invariant" x="-154" y="-53">t&lt;=Tcond_max</label>
		</location>
		<location id="id18" x="0" y="-68">
		</location>
		<init ref="id18"/>
		<transition>
			<source ref="id17"/>
			<target ref="id15"/>
			<label kind="synchronisation" x="-120" y="-338">VP?</label>
			<label kind="assignment" x="-80" y="-338">t=0</label>
			<nail x="-144" y="-314"/>
			<nail x="0" y="-314"/>
		</transition>
		<transition>
			<source ref="id18"/>
			<target ref="id16"/>
			<label kind="synchronisation" x="48" y="-20">VP?</label>
			<label kind="assignment" x="80" y="-20">t=0</label>
			<nail x="0" y="-4"/>
			<nail x="144" y="-4"/>
		</transition>
		<transition>
			<source ref="id16"/>
			<target ref="id15"/>
			<label kind="synchronisation" x="32" y="-252">AV?</label>
			<label kind="assignment" x="80" y="-252">t=0</label>
			<nail x="144" y="-228"/>
			<nail x="0" y="-228"/>
		</transition>
		<transition>
			<source ref="id17"/>
			<target ref="id15"/>
			<label kind="synchronisation" x="-128" y="-252">Vget?</label>
			<label kind="assignment" x="-72" y="-252">t=0</label>
			<nail x="-144" y="-228"/>
			<nail x="0" y="-228"/>
		</transition>
		<transition>
			<source ref="id15"/>
			<target ref="id18"/>
		</transition>
		<transition>
			<source ref="id16"/>
			<target ref="id15"/>
			<label kind="guard" x="40" y="-188">t&gt;=Tcond_min</label>
			<label kind="synchronisation" x="40" y="-164">VA!</label>
			<label kind="assignment" x="80" y="-164">t=0</label>
			<nail x="144" y="-164"/>
		</transition>
		<transition>
			<source ref="id17"/>
			<target ref="id15"/>
			<label kind="guard" x="-128" y="-188">t&gt;=Tcond_min</label>
			<label kind="synchronisation" x="-128" y="-164">V_act!</label>
			<label kind="assignment" x="-72" y="-164">t=0</label>
			<nail x="-144" y="-164"/>
		</transition>
		<transition>
			<source ref="id18"/>
			<target ref="id16"/>
			<label kind="synchronisation" x="48" y="-92">Vget?</label>
			<label kind="assignment" x="64" y="-68">t=0</label>
		</transition>
		<transition>
			<source ref="id18"/>
			<target ref="id17"/>
			<label kind="synchronisation" x="-88" y="-92">AV?</label>
			<label kind="assignment" x="-80" y="-68">t=0</label>
		</transition>
	</template>
	<template>
		<name>MonURI</name>
		<parameter>broadcast chan &amp;Vget, broadcast chan &amp;VP</parameter>
		<declaration>clock t;</declaration>
		<location id="id19" x="-32" y="-56">
			<name x="-42" y="-86">interval</name>
			<committed/>
		</location>
		<location id="id20" x="-120" y="-56">
			<name x="-136" y="-88">wait_vp</name>
		</location>
		<location id="id21" x="-357" y="-51">
			<name x="-381" y="-83">wait_v</name>
		</location>
		<init ref="id21"/>
		<transition>
			<source ref="id20"/>
			<target ref="id20"/>
			<label kind="synchronisation" x="-160" y="-8">Vget?</label>
			<label kind="assignment" x="-120" y="-8">t=0</label>
			<nail x="-152" y="-8"/>
			<nail x="-128" y="-8"/>
		</transition>
		<transition>
			<source ref="id19"/>
			<target ref="id20"/>
			<label kind="assignment" x="-64" y="-40">t=0</label>
			<nail x="-32" y="-16"/>
			<nail x="-88" y="-16"/>
		</transition>
		<transition>
			<source ref="id20"/>
			<target ref="id19"/>
			<label kind="synchronisation" x="-80" y="-80">VP?</label>
		</transition>
		<transition>
			<source ref="id21"/>
			<target ref="id20"/>
			<label kind="synchronisation" x="-306" y="-25">Vget?</label>
			<label kind="assignment" x="-297" y="0">t=0</label>
			<nail x="-349" y="-43"/>
			<nail x="-317" y="-19"/>
		</transition>
		<transition>
			<source ref="id21"/>
			<target ref="id20"/>
			<label kind="synchronisation" x="-246" y="-102">VP?</label>
			<label kind="assignment" x="-221" y="-102">t=0</label>
			<nail x="-306" y="-85"/>
		</transition>
	</template>
	<template>
		<name>MonLRI</name>
		<parameter>broadcast chan &amp;Vget, broadcast chan &amp;VP,broadcast chan &amp;V_act</parameter>
		<declaration>clock t;</declaration>
		<location id="id22" x="136" y="-25">
			<name x="153" y="-42">two_a</name>
			<committed/>
		</location>
		<location id="id23" x="-40" y="-24">
			<name x="-119" y="0">wait_2nd</name>
		</location>
		<location id="id24" x="-246" y="-25">
			<name x="-329" y="-31">wait_1st</name>
		</location>
		<init ref="id24"/>
		<transition>
			<source ref="id23"/>
			<target ref="id22"/>
			<label kind="synchronisation" x="17" y="-170">V_act?</label>
			<nail x="-17" y="-144"/>
			<nail x="134" y="-145"/>
		</transition>
		<transition>
			<source ref="id24"/>
			<target ref="id23"/>
			<label kind="synchronisation" x="-238" y="-171">V_act?</label>
			<label kind="assignment" x="-187" y="-171">t=0</label>
			<nail x="-248" y="-145"/>
			<nail x="-144" y="-145"/>
		</transition>
		<transition>
			<source ref="id22"/>
			<target ref="id23"/>
			<label kind="assignment" x="72" y="35">t=0</label>
			<nail x="136" y="51"/>
			<nail x="-40" y="52"/>
		</transition>
		<transition>
			<source ref="id23"/>
			<target ref="id22"/>
			<label kind="synchronisation" x="72" y="-33">VP?</label>
			<nail x="88" y="-9"/>
		</transition>
		<transition>
			<source ref="id23"/>
			<target ref="id22"/>
			<label kind="synchronisation" x="52" y="-92">Vget?</label>
			<nail x="68" y="-68"/>
		</transition>
		<transition>
			<source ref="id24"/>
			<target ref="id23"/>
			<label kind="synchronisation" x="-186" y="-16">VP?</label>
			<label kind="assignment" x="-186" y="8">t=0</label>
			<nail x="-210" y="-8"/>
			<nail x="-210" y="-8"/>
			<nail x="-178" y="8"/>
		</transition>
		<transition>
			<source ref="id24"/>
			<target ref="id23"/>
			<label kind="synchronisation" x="-203" y="-92">Vget?</label>
			<label kind="assignment" x="-195" y="-68">t=0</label>
			<nail x="-187" y="-68"/>
		</transition>
	</template>
	<template>
		<name>PremCmplx</name>
		<parameter>broadcast chan &amp;get, broadcast chan &amp;pace,broadcast chan &amp;act,int Tint_min, int Tgap_min</parameter>
		<declaration>clock t;</declaration>
		<location id="id25" x="17" y="-8">
		</location>
		<location id="id26" x="-119" y="-8">
		</location>
		<init ref="id26"/>
		<transition>
			<source ref="id25"/>
			<target ref="id26"/>
			<label kind="guard" x="25" y="0">t&gt;=Tgap_min</label>
			<label kind="assignment" x="25" y="17">t=0</label>
			<nail x="17" y="51"/>
		</transition>
		<transition>
			<source ref="id26"/>
			<target ref="id26"/>
			<label kind="synchronisation" x="-144" y="59">act?</label>
			<label kind="assignment" x="-136" y="68">t=0</label>
			<nail x="-144" y="59"/>
			<nail x="-102" y="59"/>
		</transition>
		<transition>
			<source ref="id26"/>
			<target ref="id26"/>
			<label kind="synchronisation" x="-144" y="-93">pace?</label>
			<label kind="assignment" x="-144" y="-76">t=0</label>
			<nail x="-161" y="-76"/>
			<nail x="-102" y="-76"/>
		</transition>
		<transition>
			<source ref="id26"/>
			<target ref="id26"/>
			<label kind="synchronisation" x="-178" y="-29">get?</label>
			<label kind="assignment" x="-178" y="-12">t=0</label>
			<nail x="-178" y="-42"/>
			<nail x="-178" y="17"/>
		</transition>
		<transition>
			<source ref="id26"/>
			<target ref="id25"/>
			<label kind="guard" x="-101" y="-42">t&gt;=Tint_min</label>
			<label kind="synchronisation" x="-101" y="-25">get!</label>
			<label kind="assignment" x="-101" y="-8">t=0</label>
		</transition>
	</template>
	<template>
		<name>vp_vp</name>
		<parameter>broadcast chan &amp;VP,broadcast chan &amp;VS</parameter>
		<declaration>clock t;</declaration>
		<location id="id27" x="-304" y="-104">
			<name x="-314" y="-134">err</name>
		</location>
		<location id="id28" x="-384" y="-104">
			<name x="-394" y="-134">V2</name>
			<committed/>
		</location>
		<location id="id29" x="-472" y="-104">
			<name x="-482" y="-134">V1</name>
		</location>
		<location id="id30" x="-552" y="-104">
			<name x="-562" y="-134">Init</name>
		</location>
		<init ref="id30"/>
		<transition>
			<source ref="id28"/>
			<target ref="id29"/>
			<label kind="guard" x="-464" y="-88">t&lt;=TURI</label>
			<label kind="assignment" x="-456" y="-72">t=0</label>
			<nail x="-384" y="-72"/>
			<nail x="-472" y="-72"/>
		</transition>
		<transition>
			<source ref="id28"/>
			<target ref="id27"/>
			<label kind="guard" x="-368" y="-128">t&gt;TURI</label>
		</transition>
		<transition>
			<source ref="id29"/>
			<target ref="id28"/>
			<label kind="synchronisation" x="-448" y="-128">VP?</label>
		</transition>
		<transition>
			<source ref="id30"/>
			<target ref="id29"/>
			<label kind="synchronisation" x="-528" y="-128">VP?</label>
			<label kind="assignment" x="-528" y="-104">t=0</label>
			<nail x="-536" y="-104"/>
		</transition>
	</template>
	<template>
		<name>PVARP</name>
		<parameter>broadcast chan &amp;VP, broadcast chan &amp;AS, broadcast chan &amp;Aget, broadcast chan &amp;VS, broadcast chan &amp;AR, broadcast chan &amp;A_act, broadcast chan &amp;ABlock</parameter>
		<declaration>clock t;</declaration>
		<location id="id31" x="-256" y="-96">
			<name x="-296" y="-96">ABl</name>
			<committed/>
		</location>
		<location id="id32" x="-136" y="-96">
			<name x="-184" y="-96">inter1</name>
			<committed/>
		</location>
		<location id="id33" x="-136" y="-184">
			<name x="-120" y="-192">PVARP</name>
			<label kind="invariant" x="-112" y="-176">t&lt;=TPVARP</label>
		</location>
		<location id="id34" x="-368" y="-96">
			<name x="-408" y="-96">inter</name>
			<committed/>
		</location>
		<location id="id35" x="-256" y="-184">
			<name x="-240" y="-184">PVAB</name>
			<label kind="invariant" x="-224" y="-168">t&lt;=TPVAB</label>
		</location>
		<location id="id36" x="-368" y="-184">
			<name x="-400" y="-208">Idle</name>
		</location>
		<init ref="id36"/>
		<transition>
			<source ref="id33"/>
			<target ref="id32"/>
			<label kind="synchronisation" x="-200" y="-136">A_act?</label>
			<nail x="-160" y="-144"/>
		</transition>
		<transition>
			<source ref="id35"/>
			<target ref="id31"/>
			<label kind="synchronisation" x="-320" y="-136">A_act?</label>
			<nail x="-280" y="-144"/>
		</transition>
		<transition>
			<source ref="id31"/>
			<target ref="id35"/>
			<label kind="synchronisation" x="-240" y="-96">ABlock!</label>
			<nail x="-216" y="-96"/>
			<nail x="-216" y="-136"/>
		</transition>
		<transition>
			<source ref="id35"/>
			<target ref="id31"/>
			<label kind="synchronisation" x="-256" y="-136">Aget?</label>
			<nail x="-256" y="-152"/>
		</transition>
		<transition>
			<source ref="id36"/>
			<target ref="id34"/>
			<label kind="synchronisation" x="-432" y="-136">A_act?</label>
			<nail x="-392" y="-144"/>
		</transition>
		<transition>
			<source ref="id32"/>
			<target ref="id33"/>
			<label kind="synchronisation" x="-120" y="-96">AR!</label>
			<nail x="-96" y="-96"/>
			<nail x="-96" y="-136"/>
		</transition>
		<transition>
			<source ref="id33"/>
			<target ref="id32"/>
			<label kind="synchronisation" x="-136" y="-136">Aget?</label>
		</transition>
		<transition>
			<source ref="id33"/>
			<target ref="id36"/>
			<label kind="guard" x="-336" y="-264">t&gt;=TPVARP</label>
			<label kind="assignment" x="-240" y="-264">TPVARP=100</label>
			<nail x="-136" y="-240"/>
			<nail x="-368" y="-240"/>
		</transition>
		<transition>
			<source ref="id35"/>
			<target ref="id33"/>
			<label kind="guard" x="-232" y="-200">t&gt;=TPVAB</label>
		</transition>
		<transition>
			<source ref="id34"/>
			<target ref="id36"/>
			<label kind="synchronisation" x="-352" y="-96">AS!</label>
			<nail x="-328" y="-96"/>
			<nail x="-328" y="-136"/>
		</transition>
		<transition>
			<source ref="id36"/>
			<target ref="id34"/>
			<label kind="synchronisation" x="-368" y="-136">Aget?</label>
			<nail x="-368" y="-128"/>
		</transition>
		<transition>
			<source ref="id36"/>
			<target ref="id35"/>
			<label kind="synchronisation" x="-336" y="-232">VP?</label>
			<label kind="assignment" x="-336" y="-216">t=0</label>
			<nail x="-344" y="-216"/>
			<nail x="-304" y="-216"/>
			<nail x="-304" y="-216"/>
		</transition>
		<transition>
			<source ref="id36"/>
			<target ref="id35"/>
			<label kind="synchronisation" x="-336" y="-200">VS?</label>
			<label kind="assignment" x="-336" y="-184">t=0</label>
			<nail x="-320" y="-184"/>
		</transition>
	</template>
	<template>
		<name>URI</name>
		<parameter>broadcast chan &amp;VS,broadcast chan &amp;VP,broadcast chan &amp;V_act</parameter>
		<location id="id37" x="-184" y="-40">
			<name x="-200" y="-24">URI</name>
		</location>
		<init ref="id37"/>
		<transition>
			<source ref="id37"/>
			<target ref="id37"/>
			<label kind="synchronisation" x="-144" y="-56">VS?</label>
			<label kind="assignment" x="-144" y="-40">clk=0</label>
			<nail x="-144" y="-56"/>
			<nail x="-144" y="-24"/>
		</transition>
		<transition>
			<source ref="id37"/>
			<target ref="id37"/>
			<label kind="synchronisation" x="-256" y="-56">VP?</label>
			<label kind="assignment" x="-264" y="-40">clk=0</label>
			<nail x="-224" y="-24"/>
			<nail x="-224" y="-56"/>
		</transition>
	</template>
	<system>// Created by Madhur Behl
// madhur.behl@virginia.edu
// Last edited: Nov 2019

// No real need to change any existing channels. 
// May add additional channels if needed.

broadcast chan AP,AS,VP,VS,Vget,Aget,AR,A_act,V_act,ABlock,VBlock,reset,VP_AS,Fast,Slow,du_beg,du_end,DDD,VDI,AV,VA;       


/////////////////////////////////
// Heart Model
///////////////////////////////// 

// HM_1
RVA_1=VentNode(Vget,VP,V_act,9999,9999);
HRA_1=AtrialNode(Aget,AP,A_act, 490, 500);
Cond_1=ConductionPath(AV,V_act,Vget,VA,VP,150,150);  
AVN_1=AVNode(Aget,AV,VA,A_act,AP,350,350);

// Try to create different instances for each hear condition in problem 1

/////////////////////////////////////
// Pacemaker
/////////////////////////////////////
pmLRI = LRI(AS, AP, VS, VP);
pmAVI = AVI(AS, AP, VS, VP);

// You need to create the VRP template as described in the worksheet
// before creating the pmVRP instance below.

// pmVRP = VRP(VP, Vget, VS, V_act, VBlock);

/////////////////////////////////////
// Monitors for properties
////////////////////////////////////
// Upper Rate Limit
mon_uri = MonURI(Vget,VP); 
// Lower Rate Limit
mon_lri = MonLRI(Vget,VP,V_act);


////////////////////////////////////////
// Systems
////////////////////////////////////////


// Heart without PM Simulation
// system HRA_1,AVN_1,Cond_1,RVA_1;

// Model Checking without pacemaker
// system HRA_1,RVA_1,Cond_1,AVN_1,mon_lri;

// Model checking with pacemaker
// system HRA_1, RVA_1, Cond_1, AVN_1, mon_lri, pmLRI, pmAVI, pmVRP;

</system>
	<queries>
	</queries>
</nta>
